franchise,total_spend,avg_price,avg_value_index,players_bought,avg_performance
Chennai Super Kings,263.39,3.29,39.37,80,40.75
Deccan Chargers,31.75,2.27,35.29,14,40.03
Delhi Capitals,390.57,3.1,36.97,126,37.59
Gujarat Lions,19.5,1.3,150.88,15,44.17
Gujarat Titans,147.5,3.43,34.37,43,36.41
Kochi Tuskers Kerala,34.88,2.68,22.49,13,39.43
Kolkata Knight Riders,368.06,3.2,47.41,115,38.12
Lucknow Super Giants,164.8,4.23,39.02,39,37.8
Mumbai Indians,208.74,2.75,50.54,76,39.79
Pune Warriors India,43.4,3.95,16.78,11,38.0
Punjab Kings,378.43,3.82,37.63,99,38.43
Rajasthan Royals,251.25,2.86,59.3,88,38.99
Rising Pune Supergiants,17.2,1.23,125.71,14,43.94
Royal Challengers Bengaluru,348.22,3.38,49.15,103,38.6
Sunrisers Hyderabad,296.11,2.82,56.94,105,37.02
