playername,role,franchise,year,soldpricecr,performancescore,valueindex
Amit Mishra,Bowler,Gujarat Lions,2016,0.1,66.95,669.5
Iqbal Abdulla,Bowler,Royal Challengers Bangalore,2016,0.1,48.71,487.1
Pravin Tambe,Bowler,Sunrisers Hyderabad,2017,0.1,45.52,455.2
Ankit Sharma,Bowler,Rising Pune Supergiants,2016,0.1,43.06,430.6
Pawan Negi,Bowler,Chennai Super Kings,2014,0.1,42.37,423.7
Ankit Nagendra Sharma,Bowler,Rajasthan Royals,2014,0.1,41.55,415.5
Pawan Suyal,Bowler,Mumbai Indians,2014,0.1,40.72,407.2
Siddarth Kaul,Bowler,Sunrisers Hyderabad,2015,0.1,38.37,383.7
Pravin Tambe,Bowler,Rajasthan Royals,2014,0.1,38.34,383.4
Yuzvendra Chahal,Bowler,Royal Challengers Bangalore,2014,0.1,36.9,369.0
Sarabjit Ladda,Bowler,Gujarat Lions,2016,0.1,35.34,353.4
Pawan Suyal,Bowler,Delhi Daredevils,2016,0.1,35.15,351.5
Jaskaran Singh,Bowler,Rising Pune Supergiants,2016,0.1,34.65,346.5
Dinesh Salunkhe,Bowler,Rajasthan Royals,2015,0.1,33.67,336.7
Ramesh Kumar,Bowler,Kolkata Knight Riders,2022,0.2,62.7,313.5
Rajan Kumar,Bowler,Royal Challengers Bangalore,2023,0.2,62.7,313.5
Sumit Narwal,Bowler,Kolkata Knight Riders,2015,0.1,31.15,311.5
Tirumalasetti Suman,Batsman,Sunrisers Hyderabad,2016,0.1,30.23,302.3
Yogesh Takawale,Wicketkeeper-Batsman,Royal Challengers Bangalore,2014,0.1,29.24,292.4
Manprit Juneja,Batsman,Sunrisers Hyderabad,2014,0.1,25.34,253.4
